"Accession","Ploidy","Country","Latitude","Longitude"
"PMS-074",2,"China",40.13448333,116.1747833
"PMS-512",2,"China",41.328,123.6909
"PMS-458",4,"China",36.1734,120.4978
"PMS-075",2,"China",40.1346,116.1751
"PMS-076-7",2,"China",40.1642,116.05
"KMS-widespread",4,"South Korea",33.431666,126.417222
"PMS-071",2,"China",40.39063333,117.0071333
"PMS-457",4,"China",36.2119,117.1133
"PMS-070",2,"China",30.9216,104.4887
"JY213",2,"China",42.50325,124.0371833
"JY053",2,"China",30.80115,117.7565667
"JY223",2,"China",43.94345,126.8466
"JY203",2,"China",40.58663333,123.9806
"KMS384",2,"South Korea",37.604194,127.345916
"JY181",2,"China",37.31455,122.0306667
"JY186",4,"China",37.41025,121.7611833
"JY002",2,"China",29.47473,120.05819
"JY244",2,"China",44.3427,129.4492167
"JY258",2,"China",43.48193333,126.16895
"JY259",2,"China",43.34988333,126.0836833
"JY192",4,"China",39.57113333,122.6361667
"JY247",2,"China",44.26986667,129.4126
"JY106",2,"China",29.86501667,113.9136667
"JY128",2,"China",35.0917,119.2494833
"JY182",4,"China",37.31478333,122.0290167
"JY234",2,"China",43.6542,127.7028833
"JY156",2,"China",36.43138333,120.7256833
"JY217",2,"China",42.7217,124.5075333
"JY208",2,"China",42.0538,123.6235167
"JY202",2,"China",40.49945,123.9838667
"JY278",2,"China",39.62296667,121.8108833
"JY009",4,"China",30.94995,120.3748
"JY254",2,"China",43.63296667,128.5302333
"JY238",2,"China",43.5961,128.4796333
"KMS408",4,"South Korea",35.737688,127.37861
"JY285",2,"China",37.3512,118.3374833
"JY107",2,"China",29.85698333,113.9064333
"JM2014-S-4",3,"Japan",34.30136667,134.1303556
"JY210",2,"China",42.33061667,123.88465
"KMS386",2,"South Korea",37.688769,127.380399
"JY123",2,"China",30.75801667,120.3254833
"JY094",2,"China",30.43698333,114.3207167
"JY093",2,"China",30.52125,114.4693
"JY008",4,"China",30.95048333,120.3766
"KMS389",2,"South Korea",37.206134,128.41559
"JY127",4,"China",35.07541667,119.22405
"JY216",2,"China",42.71753333,124.3889167
"JY257",2,"China",43.6718,126.39235
"JY287",2,"China",36.63658333,117.1917167
"JY284",2,"China",37.76968333,118.6677
"JY007",2,"China",30.95053333,120.37655
"JY105",2,"China",29.8652,113.9138833
"JY088",2,"China",29.8422,115.68365
"JY289",2,"China",33.7526,118.2215667
"JY014",3,"China",30.91838333,120.1318333
"JY211",2,"China",42.38353333,123.9481333
"JY104",2,"China",29.90453333,113.9427
"KMS417",4,"South Korea",37.184813,127.079002
"JY006",4,"China",29.79375,120.0948833
"JY091",2,"China",30.3865,114.9872333
"JY129",4,"China",35.17298333,119.0374833
"JY207",2,"China",41.97168333,123.59995
"JY092",2,"China",30.52863333,114.6161333
"JY276",2,"China",39.98673333,121.9595667
"JY204",2,"China",40.37234,123.59073
"JY209",2,"China",42.14771667,123.6822
"JM2014-S-3",4,"Japan",33.94582778,133.3873556
"JY255",2,"China",43.83075,126.6756333
"JY111",2,"China",29.76085,113.92445
"JY142",2,"China",35.65028333,119.7161167
"JY286",2,"China",37.17368333,118.20915
"JY200",2,"China",40.16975,124.34665
"JY273",2,"China",40.38178333,122.21315
"JY100",2,"China",30.14975,114.1101833
"JY228",2,"China",43.97133333,127.0741667
"JY218",2,"China",43.02585,124.7607167
"JM2014-M-3",4,"Japan",36.08693333,140.2217722
"JY189",2,"China",39.53803333,122.4873333
"JY288",2,"China",36.56253333,116.9288667
"JY230",2,"China",43.8993,127.2934667
"JY096",2,"China",30.33968333,114.23885
"JY183",4,"China",37.34746667,121.9525333
"JM2014-M-4",4,"Japan",36.35185278,140.2773278
"JY178",4,"China",36.96631667,121.7963667
"JM2014-H-68",4,"Japan",42.10487778,140.5526111
"JM2014-H-11",4,"Japan",43.47065833,142.2687222
"JM2014-H-41",4,"Japan",42.97450556,144.5296778
"JPN-2010-009",4,"Japan",39.80382,140.5838
"JY172",4,"China",36.81171667,121.3698833
"JY193",4,"China",39.61428333,122.7518167
"JY143",4,"China",35.79778333,119.8841833
"JPN-2010-014",4,"Japan",38.72429,139.85879
"KMS419",4,"South Korea",36.997221,127.151946
"JY176",4,"China",36.88928333,121.7584333
"JM2014-H-67",4,"Japan",42.17906667,140.4429639
"JM2014-H-72",4,"Japan",42.40629444,139.8835444
"JM2014-M-14",4,"Japan",38.13942778,140.8850056
"JPN-2010-004",4,"Japan",39.98123,139.87594
"JM2014-K-8",4,"Japan",31.85983333,131.4170278
"JY141",4,"China",35.63046667,119.6786
"JPN-2011-012",4,"Japan",35.63627,136.94965
"JPN-2011-004",4,"Japan",36.16943,137.30951
"JM11-037",4,"Japan",34.93411667,133.3315417
"JY185",4,"China",37.4277,121.8343
"JM2014-H-24",4,"Japan",43.91305278,144.1559139
"JPN-2011-019",4,"Japan",35.54128,136.67738
"JY168",4,"China",36.77571667,121.343
"JY166",4,"China",36.74536667,121.3387667
"KMS423",4,"South Korea",34.932241,126.414512
"JPN-2011-001",4,"Japan",31.82996,131.409756
"JM2014-H-23",4,"Japan",43.86160556,144.0776361
"JPN-2011-023",4,"Japan",31.53256,131.23915
"JPN-2010-001",4,"Japan",38.74876,141.02467
"JY165",4,"China",36.74565,121.3390333
"JM2014-H-52",4,"Japan",43.03904722,143.2104639
"JY179",4,"China",37.02521667,121.8878
"JM2014-H-28",4,"Japan",43.57341667,145.0143889
"KMS351",4,"South Korea",36.7325,127.4825
"KMS268",4,"South Korea",36.574722,129.398611
"JM2014-H-30",4,"Japan",43.313775,145.1465139
"JPN-2010-008",4,"Japan",39.95976,140.42584
"KMS263",4,"South Korea",37.252777,128.7795
"KMS262",4,"South Korea",36.399166,128.423055
"JPN-2011-020",4,"Japan",35.63627,136.94965
"JM2014-H-58",4,"Japan",43.18394167,141.7198778
"JY162",4,"China",36.7262,121.23895
"JM2014-S-6",4,"Japan",33.96394444,134.6246583
"JY171",4,"China",36.77573333,121.3431667
"KMS446",4,"South Korea",36.183436,128.21911
"JM2014-H-48",4,"Japan",43.431625,144.1282056
"JPN-2011-003",4,"Japan",36.27956,136.90286
"KMS422",4,"South Korea",34.875629,126.422913
"JY126",4,"China",34.91258333,119.1514667
"KMS451",4,"South Korea",35.937627,128.841753
"KMS329",4,"South Korea",35.101111,126.492222
"KMS468",4,"South Korea",37.772069,127.459328
"KMS400",4,"South Korea",36.982439,127.898191
"JM11-013",4,"Japan",34.67849722,131.8266444
"JY134",4,"China",35.46726667,119.3389667
"JPN-2011-013",4,"Japan",35.44099,136.80366
"JM2014-K-7",4,"Japan",31.85794444,131.4166944
"KMS405",4,"South Korea",35.767547,127.213796
"JM2014-H-69",4,"Japan",42.25641944,140.2425389
"JPN-2010-002",4,"Japan",38.37625,140.31956
"JM2014-H-13",4,"Japan",42.99924167,143.4386444
"JM11-019",4,"Japan",35.06958056,132.3366694
"JPN-2010-012",4,"Japan",39.36882,140.06649
"RU2012-055",4,"Russia",48.81984,135.94496
"JM2014-H-42",4,"Japan",42.996025,144.4062361
"JPN-2010-010",4,"Japan",39.65394,140.15014
"JPN-2011-011",4,"Japan",31.53256,131.23915
"JM2014-H-77",4,"Japan",42.57424167,141.4073778
"JPN-2011-025",4,"Japan",32.00572,130.5628
"JPN-2010-005",4,"Japan",42.61475,141.81671
"JM2014-M-5",4,"Japan",36.74980833,139.8845833
"JM2014-H-27",4,"Japan",43.93447222,144.4429167
"JM2014-H-25",4,"Japan",44.00359444,144.2281333
"KMS448",4,"South Korea",35.883991,128.784945
"JM2014-S-2",4,"Japan",33.11606944,132.54785
"KMS399",4,"South Korea",36.968772,127.913185
"KMS257",4,"South Korea",35.394722,129.159444
"JM2014-S-5",4,"Japan",34.11046667,134.3468528
"JPN-2011-002",4,"Japan",35.37239,136.77384
"JM2014-H-22",4,"Japan",43.88605,143.9727944
"RU2012-023",4,"Russia",48.52222,134.95338
"JPN-2011-022",4,"Japan",31.53256,131.23915
"KMS324",4,"South Korea",34.726666,126.554166
"JM2014-H-19",4,"Japan",44.099575,143.5310361
"JM2014-M-7",4,"Japan",37.12901944,140.1718139
"JPN-2010-015",4,"Japan",38.37632,140.31934
"JM2014-H-3",4,"Japan",44.72609444,142.2195139
"JM2014-M-2",4,"Japan",35.94547778,140.1371778
"JM2014-H-44",4,"Japan",43.22139444,144.5309139
"JY173",4,"China",36.8359,121.4089
"JY140",4,"China",35.63046667,119.6784667
"JPN-2011-014",4,"Japan",35.87246,136.86403
"JM11-040",4,"Japan",34.82965556,132.9431278
"JM2014-H-29",4,"Japan",43.47641389,145.0475917
"JM2014-H-71",4,"Japan",41.91688889,140.1460722
"KMS467",4,"South Korea",37.753106,127.434343
"JPN-2011-010",4,"Japan",42.61618,141.81164
"JM2014-K-4",4,"Japan",31.82444444,131.4215
"JM11-006",4,"Japan",34.19866667,131.2805972
"KMS347",4,"South Korea",36.444444,127.584722
"JPN-2011-015",4,"Japan",35.36836,136.6818
"JY177",4,"China",36.90165,121.7923833
"KMS278",4,"South Korea",36.316388,128.554166
"JPN-2010-007",4,"Japan",40.11971,140.37941
"JM2014-H-51",4,"Japan",42.98513889,143.1833194
"JY010",4,"China",30.94766667,120.3695667
"JM2014-K-13",4,"Japan",31.45197222,131.2537778
"JPN-2011-005",4,"Japan",35.38758,136.70453
"JM2014-H-70",4,"Japan",41.92334722,140.1588444
"JM2014-H-66",4,"Japan",42.20411944,140.3925167
"KMS450",4,"South Korea",36.228304,128.332763
"KMS412",4,"South Korea",35.785864,127.024609
"JM2014-H-43",4,"Japan",43.07243056,144.498
"KMS453",4,"South Korea",35.453146,128.23386
"KMS435",4,"South Korea",35.449931,128.49463
"KMS392",4,"South Korea",37.231443,127.881241
"KMS319",4,"South Korea",35.357777,129.140555
"JM2014-H-18",4,"Japan",43.59856111,143.6636972
"KMS444",4,"South Korea",35.813358,128.472461
"JY137",4,"China",35.46528333,119.47605
"JM2014-M-12",4,"Japan",37.77340833,140.8370194
"JPN-2011-008",4,"Japan",42.42502,142.4806
"JPN-2010-006",4,"Japan",40.21601,140.22625
"JM2014-H-12",4,"Japan",43.56203611,142.0580139
"JM2014-S-1",4,"Japan",33.95875833,132.7770889
"JPN-2010-013",4,"Japan",38.72067,139.89529
"JM2014-H-55",4,"Japan",43.17883611,141.4545583
"JM2014-H-47",4,"Japan",43.46899167,144.4776167
"JPN-2011-016",4,"Japan",36.16872,137.23874
"JM2014-H-46",4,"Japan",43.41154722,144.5296944
"JPN-2011-017",4,"Japan",35.44005,136.80277
"JM2014-H-78",4,"Japan",42.71985,141.7433778
"KMS407",4,"South Korea",35.783512,127.421892
"KMS341",4,"South Korea",36.864444,127.851666
"KMS345",4,"South Korea",36.463888,127.7325
"JM2014-H-76",4,"Japan",42.45879444,140.8865806
"JPN-2011-006",4,"Japan",35.3246,136.69304
"KMS427",4,"South Korea",35.203159,126.504402
"JM2014-H-73",4,"Japan",42.57628889,140.7983083
"KMS452",4,"South Korea",35.432911,128.255787
"JM2014-K-15",4,"Japan",31.45466667,131.2483611
"JM2014-H-14",4,"Japan",43.09961389,143.5327611
"JPN-2010-011",4,"Japan",39.36835,140.06545
"KMS395",4,"South Korea",37.111508,127.877872
"KMS253",4,"South Korea",37.200277,128.960833
"JM2014-H-63",4,"Japan",42.98208889,141.5823056
"JM2014-H-10",4,"Japan",43.32911389,142.3929583
"JM2014-K-2",4,"Japan",31.84458333,131.4057222
"JY013",4,"China",30.92658333,120.2222333
"JY159",4,"China",36.4715,120.9200667
"JM2014-H-4",4,"Japan",44.53913889,142.3236556
"JM11-002",4,"Japan",33.61389444,130.1963806
"KMS316",4,"South Korea",35.3425,126.608722
"KMS420",4,"South Korea",36.839659,127.140006
"JM2014-K-5",4,"Japan",31.82452778,131.4209167
"KMS413",4,"South Korea",35.752166,127.002063
"JM2014-H-5",4,"Japan",43.82526111,142.4276278
"KMS430",4,"South Korea",35.346529,126.618437
"JM2014-H-75",4,"Japan",42.47130278,140.3437944
"JM2014-M-9",4,"Japan",37.48096389,140.3097833
"JPN-2011-018",4,"Japan",35.45623,136.74961
"JM2014-H-20",4,"Japan",44.18463611,143.639375
"JM2014-H-50",4,"Japan",43.35680278,143.8096306
"JM2014-H-57",4,"Japan",43.22603611,141.6568
"JY160",2,"China",36.51286667,120.9479167
"RU2012-157",2,"Russia",46.42882,134.25372
"JY302",2,"China",31.88106667,118.7694333
"RU2012-119",2,"Russia",48.57183,134.42303
"RU2012-112",2,"Russia",48.58787,133.93944
"RU2012-116",2,"Russia",48.57198,134.42264
"JY158",2,"China",36.45988333,120.97925
"RU2012-152",2,"Russia",46.86513,134.26986
"RU2012-174",2,"Russia",45.18544,133.45831
"RU2012-110",2,"Russia",48.58725,133.93983
"RU2012-144",2,"Russia",47.21595,134.36623
"RU2012-196",2,"Russia",44.43494,131.40137
"RU2012-113",2,"Russia",48.60963,134.21585
"RU2012-140",2,"Russia",47.50784,134.74108
"RU2012-053",2,"Russia",48.91669,136.22627
"JY024",2,"China",31.1784,118.0720167
"RU2012-064",2,"Russia",48.46698,135.44012
"RU2012-072",2,"Russia",48.62404,135.13417
"RU2012-146",2,"Russia",47.21442,134.36662
"RU2012-193-5",2,"Russia",44.43479,131.40082
"RU2012-209",2,"Russia",45.19508,131.9763
"RU2012-211",2,"Russia",44.69672,131.97116
"JY065",2,"China",30.46123333,117.125
"RU2012-074",2,"Russia",48.62651,135.1432
"JY283",2,"China",37.9415,118.8113
"JY082",2,"China",29.70878333,115.9432333
"KMS371",2,"South Korea",37.803907,126.454273
"JY297",2,"China",33.1323,118.3206
"JY019",2,"China",31.14073333,118.1463
"RU2012-124-5",2,"Russia",48.36315,135.07053
"RU2012-058-62",2,"Russia",48.59634,135.60014
"KMS355-8",2,"South Korea",38.144722,127.903055
"RU2012-199",2,"Russia",44.90013,131.59082
"RU2012-081",2,"Russia",48.66699,132.98215
"JY195",2,"China",39.77968333,123.0875833
"RU2012-070",2,"Russia",48.62396,135.13426
"RU2012-034",2,"Russia",49.06441,136.51799
"RU2012-205",2,"Russia",45.19675,131.97615
"JY253",2,"China",43.6786,128.5874833
"RU2012-184",2,"Russia",43.75292,132.07988
"RU2012-153",2,"Russia",46.865,134.26987
"RU2012-130",2,"Russia",47.94617,135.07254
"KMS330",4,"South Korea",35.0025,126.532222
"KMS403",4,"South Korea",35.8763,127.15716
"JY133",3,"China",35.4646,119.3491667
"RU2012-085",2,"Russia",48.36604,133.1382
"JY068",2,"China",30.47675,117.05785
"KMS369",3,"South Korea",37.753302,126.512743
"RU2012-208",2,"Russia",45.19617,131.97623
"RU2012-159",2,"Russia",46.42645,134.25317
"RU2012-189",2,"Russia",43.93143,131.88283
"KMS379",2,"South Korea",37.661981,126.67988
"JY233",2,"China",43.71138333,127.49595
"JY250",2,"China",44.09075,129.1628
"RU2012-091",2,"Russia",48.29384,133.17572
"RU2012-099",2,"Russia",48.70922,133.19159
"RU2012-178",2,"Russia",43.97172,132.1884
"RU2012-014",2,"Russia",43.3619,132.15611
"JM2014-H-62",4,"Japan",43.08687222,141.5695028
"RU2012-128",2,"Russia",48.36352,135.06966
"JY169",2,"China",36.77571667,121.34305
"JY072",2,"China",30.00356667,116.6905167
"KMS359",2,"South Korea",37.785182,127.986348
"RU2012-188",2,"Russia",43.93215,131.88126
"JY059",2,"China",30.7411,117.59835
"JY070",2,"China",30.05851667,116.8189
"JY161",2,"China",36.72761667,121.2242333
"JY066",2,"China",30.47128333,117.1314833
"RU2012-212",2,"Russia",44.69731,131.97177
"JY281",2,"China",38.0497,118.89945
"JY231",2,"China",43.78488333,127.36865
"JY026",2,"China",31.16816667,118.0635667
"RU2012-088",2,"Russia",48.36584,133.1384
"JY095",2,"China",30.33636667,114.2446833
"JY113-4",2,"China",29.20221667,113.1127667
"KMS388",2,"South Korea",37.185728,128.406798
"KMS354",4,"South Korea",36.941388,127.458888
"JY052",2,"China",30.80146667,117.7563333
"RU2012-175",2,"Russia",45.18576,133.45844
"KMS366",3,"South Korea",37.638205,126.525112
"KMS375",2,"South Korea",37.633961,126.465856
"KMS362",2,"South Korea",38.401347,128.468891
"JY032",2,"China",31.10318333,118.0082667
"KMS348",4,"South Korea",36.451666,127.451944
"RU2012-044-5",2,"Russia",49.33242,136.52132
"KMS360",2,"South Korea",37.974613,128.084212
"JM2014-K-6",4,"Japan",31.84458333,131.4057222
"RU2012-170",2,"Russia",45.34675,133.65441
"JY110",2,"China",29.76085,113.92445
"RU2012-117-8",2,"Russia",48.57199,134.42244
"KMS401",2,"South Korea",36.961749,127.893376
"RU2012-149-51",2,"Russia",46.86515,134.26962
"RU2012-183",2,"Russia",43.75422,132.0818
"RU2012-206",2,"Russia",45.19693,131.97554
"KMS350",2,"South Korea",36.631666,127.356111
"RU2012-027",2,"Russia",48.5213,134.95441
"JY027",2,"China",31.17316667,118.0619833
"RU2012-082",2,"Russia",48.58871,133.02688
"JY197",2,"China",39.93525,124.1362833
"JM2014-H-2",4,"Japan",44.89754444,141.7470694
"RU2012-049",2,"Russia",49.32977,136.51747
"RU2012-092-4",2,"Russia",48.29395,133.17581
"RU2012-150",2,"Russia",46.86553,134.26962
"RU2012-213",2,"Russia",44.69729,131.97246
"RU2012-069",2,"Russia",48.62491,135.13335
"JY212",2,"China",42.45851667,124.0270333
"JY240",2,"China",43.75396667,128.74565
"RU2012-017-8",2,"Russia",47.18806,134.36676
"RU2012-042",2,"Russia",49.33118,136.52017
"JY021",2,"China",31.14093333,118.1459667
"KMS418",4,"South Korea",37.160091,127.073639
"JY057",2,"China",30.75548333,117.6208833
"JY037",2,"China",31.07495,117.9912667
"JY261",2,"China",42.76656667,125.8032167
"JY147-8",2,"China",35.92703333,120.1490333
"JY108",2,"China",29.77766667,113.9203833
"RU2012-078",2,"Russia",48.66663,132.98172
"JY226",2,"China",43.93516667,126.9868167
"JY294",2,"China",33.3472,118.18065
"RU2012-108",2,"Russia",48.58649,133.93886
"RU2012-040",2,"Russia",49.33109,136.5199
"RU2012-104",2,"Russia",48.59444,136.63362
"JY280",2,"China",38.82013333,121.1692167
"JY268-9",2,"China",40.71113333,122.5465333
"KMS383",2,"South Korea",37.545593,127.331146
"RU2012-047",2,"Russia",49.32945,136.51761
"RU2012-073",2,"Russia",48.62415,135.13425
"RU2012-182",2,"Russia",43.75277,132.08032
"RU2012-127",2,"Russia",48.36348,135.06944
"RU2012-020",2,"Russia",48.52549,134.93112
"JM2014-K-11",4,"Japan",31.85347222,131.4091389
"JM2014-H-8",4,"Japan",43.57026389,142.4373944
"RU2012-181-5",2,"Russia",43.75324,132.08055
"RU2012-025",2,"Russia",48.52153,134.95441
"RU2012-106",2,"Russia",48.59703,133.63937
"KMS380",4,"South Korea",37.935548,127.783859
"JY224",2,"China",43.90263333,126.9041167
"RU2012-111",2,"Russia",48.58809,133.94029
"JY046",2,"China",30.8595,117.7425167
"JY016",2,"China",30.90845,120.1193833
"RU2012-147",2,"Russia",47.21481,134.36682
"JY214",2,"China",42.64226667,124.1957167
"RU2012-177",2,"Russia",43.97194,132.1884
"JY023",2,"China",31.15061667,118.1320333
"RU2012-087",2,"Russia",48.3661,133.13763
"RU2012-050",2,"Russia",48.9179,136.22987
"RU2012-126",2,"Russia",48.36336,135.06953
"RU2012-041",2,"Russia",49.3312,136.52007
"RU2012-164",2,"Russia",46.11409,133.93184
"JY049",2,"China",30.80941667,117.7622833
"JM2014-H-64",4,"Japan",42.93335278,141.5706944
"RU2012-162",2,"Russia",46.11355,133.93243
"KMS365",2,"South Korea",38.233123,128.53907
"JY050",2,"China",30.80133333,117.7565333
"JY190",2,"China",39.56725,122.5531667
"KMS349",2,"South Korea",36.514722,127.366666
"RU2012-036-8",2,"Russia",49.0646,136.51761
"RU2012-190",2,"Russia",44.17197,131.70364
"KMS377",2,"South Korea",37.724618,126.389272
"KMS449",4,"South Korea",36.285742,128.364586
"JY056",2,"China",30.77973333,117.716015
"RU2012-120",2,"Russia",48.57172,134.423
"JY249",2,"China",44.20038333,129.2916
"KMS328",4,"South Korea",35.307777,126.554444
"KMS414",4,"South Korea",35.788876,127.083015
"RU2012-131",2,"Russia",47.946,135.07274
"JM2014-H-56",4,"Japan",43.21947778,141.5352472
"RU2012-098",2,"Russia",48.70913,133.19144
"JY270",2,"China",40.63595,122.4794167
"RU2012-141",2,"Russia",47.50762,134.74113
"JY215",2,"China",42.7167,124.3275167
"RU2012-114",2,"Russia",48.6093,134.21509
"KMS378",2,"South Korea",37.780566,126.405413
"JY271-2",2,"China",40.38468333,122.2128
"RU2012-197",2,"Russia",44.43462,131.40167
"JY266",2,"China",41.0451,122.77865
"RU2012-083",2,"Russia",48.44911,133.07716
"RU2012-043",2,"Russia",49.33128,136.52025
"JY260",2,"China",43.30353333,126.0497833
"JM2014-M-11",4,"Japan",37.77228056,140.5031139
"RU2012-029",2,"Russia",48.52453,134.95181
"JY038",2,"China",31.02708333,117.9947167
"RU2012-136",2,"Russia",47.89221,135.00757
"RU2012-105",2,"Russia",48.59678,133.63899
"JY220",2,"China",43.10051667,124.7163833
"KMS370",2,"South Korea",37.777277,126.463466
"RU2012-095",2,"Russia",48.2915,133.17241
"JY291",2,"China",33.56025,118.19205
"RU2012-028",2,"Russia",48.52137,134.95447
"RU2012-161",2,"Russia",46.11338,133.93321
"JY201",2,"China",40.49975,124.04675
"JY054",2,"China",30.79593333,117.7442167
"JY277",2,"China",39.9698,121.9414
"RU2012-100",2,"Russia",48.70947,133.1916
"JY120",2,"China",30.75633333,120.1465
"JM2014-K-10",4,"Japan",31.85255556,131.40675
"JY048",2,"China",30.8093,117.7626333
"JY264",2,"China",41.22826667,122.9796
"JY018",2,"China",31.12476667,118.1595
"KMS394",2,"South Korea",37.156917,127.882512
"RU2012-068",2,"Russia",48.46773,135.43912
"JY225",2,"China",43.93583333,126.8691
"RU2012-207",2,"Russia",45.19656,131.97572
"RU2012-096",2,"Russia",48.73666,133.02147
"JY030",2,"China",31.16735,118.0533833
"JY022",2,"China",31.14113333,118.1456333
"RU2012-169",2,"Russia",45.34596,133.55589
"JY118-1",4,"China",28.60158333,116.2131667
"RU2012-145",2,"Russia",47.21572,134.36598
"RU2012-097",2,"Russia",48.72874,133.07011
"JY174",4,"China",36.86165,121.4351333
"RU2012-165",2,"Russia",46.11444,133.93196
"JY152",4,"China",36.12633333,120.5590167
"JY199",2,"China",40.09615,124.2948333
"RU2012-158",2,"Russia",46.42939,134.25443
"JY101",2,"China",30.14965,114.11035
"JY265",2,"China",41.06393333,122.8007833
"JY246",2,"China",44.31156667,129.4393167
"JY262",2,"China",41.30351667,123.0787833
"JY155",2,"China",36.3888,120.6836167
"JY051",2,"China",30.80138333,117.7564333
"RU2012-179",2,"Russia",43.97126,132.18762
"RU2012-154",2,"Russia",46.42865,134.25366
"JY191",4,"China",39.55866667,122.6042167
"JY221-2",2,"China",43.95411667,126.7628167
"KMS415",4,"South Korea",35.801112,127.102159
"JY205",2,"China",40.6572,123.9951667
"KMS374",2,"South Korea",37.631172,126.443141
"JY015",2,"China",30.91831667,120.1317667
"JY080",2,"China",29.76703333,116.3389333
"JY044-5",2,"China",30.89375,117.7518
"JY175",4,"China",36.88793333,121.46485
"RU2012-214",2,"Russia",44.69109,131.95929
"JY163",2,"China",36.72868333,121.2671167
"JY164",2,"China",36.73626667,121.292
"JM2014-H-9",4,"Japan",43.48790278,142.4627833
"RU2012-065",2,"Russia",48.46713,135.44026
"RU2012-084",2,"Russia",48.36573,133.13956
"JY187",2,"China",37.40481667,121.7306667
"RU2012-030",2,"Russia",48.52457,134.95171
"RU2012-202",2,"Russia",44.89891,131.59099
"JY248",2,"China",44.26443333,129.4080667
"RU2012-138",2,"Russia",47.5072,134.74229
"KMS406",2,"South Korea",35.849853,127.337795
"RU2012-109",2,"Russia",48.58658,133.93906
"KMS331",3,"South Korea",34.626388,126.642777
"JY087",2,"China",29.77903333,115.77755
"JM2014-M-1",4,"Japan",35.76695,140.2150583
"KMS292",3,"South Korea",37.173333,129.020277
"RU2012-076",2,"Russia",48.52668,134.59024
"KMS323",3,"South Korea",34.628055,126.623333
"RU2012-086",2,"Russia",48.36613,133.13777
"JY109",2,"China",29.76095,113.92455
"RU2012-156",2,"Russia",46.42876,134.28346
"JY206",2,"China",41.79545,123.5986333
"JY073",2,"China",29.92555,116.59125
"RU2012-080",2,"Russia",48.66696,132.98195
"JM2014-H-54",4,"Japan",43.16615278,141.2891833
"JY196",2,"China",39.94418333,124.08685
"RU2012-052",2,"Russia",48.91709,136.22711
"JY154",2,"China",36.33255,120.6469167
"JM2014-H-49",4,"Japan",43.37846111,143.8856667
"JY138",4,"China",35.4895,119.1594667
"KMS376",2,"South Korea",37.761725,126.364306
"KMS390",4,"South Korea",37.191078,128.45131
"JY239",2,"China",43.61933333,128.5174167
"KMS465",4,"South Korea",38.069235,127.134034
"RU2012-066",2,"Russia",48.46719,135.44035
"RU2012-048",2,"Russia",49.3296,136.517141
"RU2012-121",2,"Russia",48.54032,134.71992
"RU2012-102",2,"Russia",48.70965,133.19217
"RU2012-019",2,"Russia",48.52554,134.93182
"JY083",2,"China",29.70598333,115.9206667
"RU2012-137",2,"Russia",47.89191,135.00688
"JY102",2,"China",30.05351667,114.07635
"JY055",2,"China",30.78585,117.7276333
"KMS346",4,"South Korea",36.385833,127.650833
"RU2012-046",2,"Russia",49.33235,136.52069
"JY039",2,"China",31.02443333,117.9954
"KMS343",2,"South Korea",36.639166,127.751111
"KMS332",4,"South Korea",35.8725,128.755
"KMS373",2,"South Korea",37.69906,126.431647
"KMS402",4,"South Korea",35.906942,127.134191
"RU2012-194",2,"Russia",44.43468,131.40121
"JY301",2,"China",32.5558,118.7190167
"RU2012-016",2,"Russia",47.1884,134.3671
"JY062",2,"China",30.4745,117.2979833
"RU2012-163",2,"Russia",46.11362,133.93221
"RU2012-079",2,"Russia",48.66692,132.98165
"JY251",2,"China",44.04035,129.1239167
"JY004",2,"China",29.79146667,120.0971167
"RU2012-168",2,"Russia",45.34602,133.55545
"KMS326",2,"South Korea",35.084444,126.5
"JY194",2,"China",39.75425,123.04745
"KMS411",4,"South Korea",35.796862,127.058927
"JY028",2,"China",31.1733,118.0633333
"JY267",2,"China",41.03921667,122.7726333
"RU2012-067",2,"Russia",48.46776,135.43935
"JY252",2,"China",43.92401667,129.0499667
"KMS361",2,"South Korea",38.140983,128.255129
"RU2012-135",2,"Russia",47.89243,135.00781
"RU2012-132",2,"Russia",47.94595,135.07269
"KMS382",2,"South Korea",37.571583,127.324248
"JY292",2,"China",33.39633333,118.1850833
"RU2012-201",2,"Russia",44.89843,131.58983
"JY090",2,"China",30.36963333,115.0423
"KMS398",2,"South Korea",37.0189,127.970643
"RU2012-203",2,"Russia",44.90185,131.59117
"RU2012-215",2,"Russia",44.69988,131.97716
"RU2012-101",2,"Russia",48.70993,133.19168
"JY025",2,"China",31.18653333,118.0630833
"JY279",2,"China",38.83321667,121.17145
"RU2012-167",2,"Russia",45.34602,133.55511
"RU2012-143",2,"Russia",47.2151,134.36658
"RU2012-075",2,"Russia",48.62688,135.14264
"RU2012-200",2,"Russia",44.89875,131.5905
"JY274",2,"China",40.3062,122.1640667
"RU2012-035",2,"Russia",49.06432,136.51791
"RU2012-031",2,"Russia",48.52469,134.95187
"JM2014-H-6",4,"Japan",44.09858611,142.3887944
"JM11-024-1",4,"Japan",35.34828056,132.7423389
"JM11-024-2",4,"Japan",35.34828056,132.7423389
"KMS393",4,"South Korea",37.196791,127.874303
"KMS397",4,"South Korea",37.069192,127.962548
"JM2014-H-45",4,"Japan",43.31673889,144.6024639
"KMS275",4,"South Korea",34.915833,126.597222
"KMS409",4,"South Korea",35.725268,127.299807
"JM2014-H-53",4,"Japan",42.91916111,143.0657361
"JM2014-H-60",4,"Japan",43.06393333,141.7639
"JY136",4,"China",35.46233333,119.4740667
"JY146",4,"China",35.79873333,119.9160167
"JY149",4,"China",36.13356667,120.5751
"KMS434-47",4,"South Korea",35.456761,128.502289
"KMS437",4,"South Korea",35.415942,128.448195
"KMS454-66",2,"South Korea",38.019377,127.251197
"JM2014-M-6",4,"Japan",36.92426944,140.0300444
"JM2014-M-10",4,"Japan",37.56983611,140.4381722
"JM2014-M-13",4,"Japan",37.95716944,140.6572556
"KMS352",4,"South Korea",36.826666,127.526666
"JM2014-H-21",4,"Japan",43.917775,143.7820389
"KMS387",4,"South Korea",37.185713,128.406746
"JY144",4,"China",35.79766667,119.9006667
"KMS340",4,"South Korea",36.9175,127.756666
"KMS342",4,"South Korea",36.793333,127.828611
"KMS410",4,"South Korea",35.682984,127.26715
"JM2014-H-7",4,"Japan",43.66425,142.39705
"JY001",2,"China",29.79105,120.0970167
